"Response ID","Time Started","Date Submitted","Status","Contact ID","Legacy Comments","Comments","Language","Referer","Extended Referer","SessionID","User Agent","Extended User Agent","Tags","IP Address","Longitude","Latitude","Country","City","State/Region","Postal","What is your gender?","What is the highest level of education you have achieved?","How old are you?","Treatment/control","Please watch the following short video.","Please watch the following short video.","On a scale from 0-100, how interested in politics are you?"
"6","2015-11-13 14:14:27","2015-11-13 14:14:46","Partial","","","","English","","","1447442067_56463693b35c66.05792799","Mozilla/5.0 (iPhone; CPU iPhone OS 9_1 like Mac OS X) AppleWebKit/601.1.46 (KHTML, like Gecko) Versi","Mozilla/5.0 (iPhone; CPU iPhone OS 9_1 like Mac OS X) AppleWebKit/601.1.46 (KHTML, like Gecko) Version/9.0 Mobile/13B143 Safari/601.1","","212.183.128.153","-0.12999999523163","51.5","United Kingdom","","","","Female","Some college, no degree","18-24","Treatment","","",""
"7","2015-11-13 14:20:09","2015-11-13 14:20:50","Partial","","","","English","","","1447442408_564637e8f2b417.48194782","Mozilla/5.0 (iPhone; CPU iPhone OS 9_1 like Mac OS X) AppleWebKit/601.1.46 (KHTML, like Gecko) Versi","Mozilla/5.0 (iPhone; CPU iPhone OS 9_1 like Mac OS X) AppleWebKit/601.1.46 (KHTML, like Gecko) Version/9.0 Mobile/13B143 Safari/601.1","","152.78.0.164","-1.3999999761581","50.900001525879","United Kingdom","Southampton","M4","SO15","Female","Graduated high school or equivalent","18-24","Control","","",""
"8","2015-11-13 14:25:48","2015-11-13 14:28:09","Complete","","","","English","","","1447442748_5646393c59b697.62840564","Mozilla/5.0 (iPhone; CPU iPhone OS 9_1 like Mac OS X) AppleWebKit/601.1.46 (KHTML, like Gecko) Versi","Mozilla/5.0 (iPhone; CPU iPhone OS 9_1 like Mac OS X) AppleWebKit/601.1.46 (KHTML, like Gecko) Version/9.0 Mobile/13B143 Safari/601.1","","152.78.0.169","-1.3999999761581","50.900001525879","United Kingdom","Southampton","M4","SO15","Male","Some college, no degree","18-24","Treatment","","","70"
"9","2015-11-13 14:26:03","2015-11-13 14:27:19","Complete","","","","English","","","1447442763_5646394b6db124.84392208","Mozilla/5.0 (iPhone; CPU iPhone OS 8_4_1 like Mac OS X) AppleWebKit/600.1.4 (KHTML, like Gecko) Vers","Mozilla/5.0 (iPhone; CPU iPhone OS 8_4_1 like Mac OS X) AppleWebKit/600.1.4 (KHTML, like Gecko) Version/8.0 Mobile/12H321 Safari/600.1.4","","152.78.0.168","-1.3999999761581","50.900001525879","United Kingdom","Southampton","M4","SO15","Female","Bachelor's degree","18-24","Treatment","","","100"
"10","2015-11-13 14:38:14","2015-11-13 14:40:12","Complete","","","","English","http://m.facebook.com","http://m.facebook.com","1447443494_56463c26a53f66.13811087","Mozilla/5.0 (iPhone; CPU iPhone OS 9_1 like Mac OS X) AppleWebKit/601.1.46 (KHTML, like Gecko) Mobil","Mozilla/5.0 (iPhone; CPU iPhone OS 9_1 like Mac OS X) AppleWebKit/601.1.46 (KHTML, like Gecko) Mobile/13B143 [FBAN/MessengerForiOS;FBAV/48.0.0.20.47;FBBV/17291106;FBDV/iPhone5,2;FBMD/iPhone;FBSN/iPhone OS;FBSV/9.1;FBSS/2; FBCR/EE;FBID/phone;FBLC/en_GB;FBOP/5]","","152.78.0.165","-1.3999999761581","50.900001525879","United Kingdom","Southampton","M4","SO15","Male","Some college, no degree","18-24","Control","","",""
"11","2015-11-13 14:38:22","2015-11-13 14:39:26","Complete","","","","English","","","1447443502_56463c2e18b433.93495807","Mozilla/5.0 (Linux; Android 5.1; XT1032 Build/LPB23.13-56) AppleWebKit/537.36 (KHTML, like Gecko) Ch","Mozilla/5.0 (Linux; Android 5.1; XT1032 Build/LPB23.13-56) AppleWebKit/537.36 (KHTML, like Gecko) Chrome/46.0.2490.76 Mobile Safari/537.36","","152.78.0.207","-1.3999999761581","50.900001525879","United Kingdom","Southampton","M4","SO15","Female","Some college, no degree","18-24","Control","","","21"
"12","2015-11-13 14:39:16","2015-11-13 14:39:47","Complete","","","","English","https://www.facebook.com/","https://www.facebook.com/","1447443556_56463c64a9d411.50309340","Mozilla/5.0 (Macintosh; Intel Mac OS X 10_10_5) AppleWebKit/601.2.7 (KHTML, like Gecko) Version/9.0.","Mozilla/5.0 (Macintosh; Intel Mac OS X 10_10_5) AppleWebKit/601.2.7 (KHTML, like Gecko) Version/9.0.1 Safari/601.2.7","","152.78.0.138","-1.3999999761581","50.900001525879","United Kingdom","Southampton","M4","SO15","Female","Some college, no degree","18-24","Control","","","56"
"13","2015-11-13 14:53:33","2015-11-13 14:54:42","Complete","","","","English","https://www.facebook.com/","https://www.facebook.com/","1447444413_56463fbdadc9e6.85886491","Mozilla/5.0 (Windows NT 6.3; WOW64) AppleWebKit/537.36 (KHTML, like Gecko) Chrome/44.0.2403.155 Safa","Mozilla/5.0 (Windows NT 6.3; WOW64) AppleWebKit/537.36 (KHTML, like Gecko) Chrome/44.0.2403.155 Safari/537.36","","152.78.0.184","-1.3999999761581","50.900001525879","United Kingdom","Southampton","M4","SO15","Male","Graduated high school or equivalent","18-24","Control","","","21"
"14","2015-11-13 15:15:28","2015-11-13 15:16:04","Complete","","","","English","","","1447445728_564644e0548953.72193256","Mozilla/5.0 (Windows NT 10.0; WOW64) AppleWebKit/537.36 (KHTML, like Gecko) Chrome/46.0.2490.80 Safa","Mozilla/5.0 (Windows NT 10.0; WOW64) AppleWebKit/537.36 (KHTML, like Gecko) Chrome/46.0.2490.80 Safari/537.36","","86.26.145.248","0.13549999892712","51.947498321533","United Kingdom","Bishops Stortford","F8","CM23","Female","Some college, no degree","18-24","Treatment","","","93"
"15","2015-11-13 15:16:26","2015-11-13 15:16:50","Partial","","","","English","","","1447445786_5646451ada89c6.70346731","Mozilla/5.0 (Windows NT 6.3; WOW64) AppleWebKit/537.36 (KHTML, like Gecko) Chrome/46.0.2490.80 Safar","Mozilla/5.0 (Windows NT 6.3; WOW64) AppleWebKit/537.36 (KHTML, like Gecko) Chrome/46.0.2490.80 Safari/537.36","","152.78.0.159","-1.3999999761581","50.900001525879","United Kingdom","Southampton","M4","SO15","Male","Bachelor's degree","18-24","Control","","",""
"16","2015-11-13 15:41:08","2015-11-13 15:42:25","Complete","","","","English","","","1447447268_56464ae424f744.84472691","Mozilla/5.0 (Windows NT 6.1; WOW64) AppleWebKit/537.36 (KHTML, like Gecko) Chrome/46.0.2490.86 Safar","Mozilla/5.0 (Windows NT 6.1; WOW64) AppleWebKit/537.36 (KHTML, like Gecko) Chrome/46.0.2490.86 Safari/537.36","","152.78.0.132","-1.3999999761581","50.900001525879","United Kingdom","Southampton","M4","SO15","Female","12th grade or less","18-24","Treatment","","","80"
"17","2015-11-13 15:50:41","2015-11-13 15:52:09","Complete","","","","English","http://m.facebook.com","http://m.facebook.com","1447447841_56464d21ebc3c6.91582289","Mozilla/5.0 (iPod touch; CPU iPhone OS 9_1 like Mac OS X) AppleWebKit/601.1.46 (KHTML, like Gecko) M","Mozilla/5.0 (iPod touch; CPU iPhone OS 9_1 like Mac OS X) AppleWebKit/601.1.46 (KHTML, like Gecko) Mobile/13B143 [FBAN/MessengerForiOS;FBAV/48.0.0.20.47;FBBV/17291106;FBDV/iPod5,1;FBMD/iPod touch;FBSN/iPhone OS;FBSV/9.1;FBSS/2; FBCR/;FBID/phone;FBLC/de_DE;FBOP/5]","","152.78.0.164","-1.3999999761581","50.900001525879","United Kingdom","Southampton","M4","SO15","Female","Graduated high school or equivalent","18-24","Treatment","","","81"
"18","2015-11-13 16:05:51","2015-11-13 16:06:43","Complete","","","","English","","","1447448751_564650af8e8a62.82213530","Mozilla/5.0 (iPad; CPU OS 9_1 like Mac OS X) AppleWebKit/601.1.46 (KHTML, like Gecko) Version/9.0 Mo","Mozilla/5.0 (iPad; CPU OS 9_1 like Mac OS X) AppleWebKit/601.1.46 (KHTML, like Gecko) Version/9.0 Mobile/13B143 Safari/601.1","","149.254.58.20","-0.093099996447563","51.514198303223","United Kingdom","London","H9","EC4N","Male","Graduated high school or equivalent","18-24","Treatment","","","22"
"19","2015-11-13 16:12:38","2015-11-13 16:14:01","Complete","","","","English","","","1447449158_564652464d90f9.20691062","Mozilla/5.0 (iPhone; CPU iPhone OS 8_3 like Mac OS X) AppleWebKit/600.1.4 (KHTML, like Gecko) Versio","Mozilla/5.0 (iPhone; CPU iPhone OS 8_3 like Mac OS X) AppleWebKit/600.1.4 (KHTML, like Gecko) Version/8.0 Mobile/12F70 Safari/600.1.4","","81.158.27.192","-0.10000000149012","52.416698455811","United Kingdom","Bury","C3","PE26","Female","Some college, no degree","35-54","Control","","",""
"20","2015-11-13 16:13:35","2015-11-13 16:15:02","Complete","","","","English","","","1447449215_5646527fe3ed68.29972278","Mozilla/5.0 (iPhone; CPU iPhone OS 9_1 like Mac OS X) AppleWebKit/601.1.46 (KHTML, like Gecko) Versi","Mozilla/5.0 (iPhone; CPU iPhone OS 9_1 like Mac OS X) AppleWebKit/601.1.46 (KHTML, like Gecko) Version/9.0 Mobile/13B143 Safari/601.1","","81.158.27.192","-0.10000000149012","52.416698455811","United Kingdom","Bury","C3","PE26","Female","Bachelor's degree","18-24","Treatment","","","26"
"21","2015-11-13 16:16:20","2015-11-13 16:18:01","Complete","","","","English","","","1447449380_56465324ee4ea8.07473884","Mozilla/5.0 (iPhone; CPU iPhone OS 8_1_1 like Mac OS X) AppleWebKit/600.1.4 (KHTML, like Gecko) Vers","Mozilla/5.0 (iPhone; CPU iPhone OS 8_1_1 like Mac OS X) AppleWebKit/600.1.4 (KHTML, like Gecko) Version/8.0 Mobile/12B436 Safari/600.1.4","","31.205.2.173","-1.4658999443054","53.382999420166","United Kingdom","Sheffield","L9","S3","Female","Bachelor's degree","18-24","Treatment","","","70"
"22","2015-11-13 16:19:31","2015-11-13 16:20:20","Complete","","","","English","","","1447449571_564653e3bcc297.13338803","Mozilla/5.0 (iPhone; CPU iPhone OS 8_4_1 like Mac OS X) AppleWebKit/600.1.4 (KHTML, like Gecko) Mobi","Mozilla/5.0 (iPhone; CPU iPhone OS 8_4_1 like Mac OS X) AppleWebKit/600.1.4 (KHTML, like Gecko) Mobile/12H321 MicroMessenger/6.3.6 NetType/WIFI Language/en","","152.78.0.168","-1.3999999761581","50.900001525879","United Kingdom","Southampton","M4","SO15","Female","Bachelor's degree","18-24","Control","","",""
"23","2015-11-13 16:32:02","2015-11-13 16:33:50","Complete","","","","English","http://m.facebook.com","http://m.facebook.com","1447450322_564656d2be1203.80751035","Mozilla/5.0 (iPhone; CPU iPhone OS 9_1 like Mac OS X) AppleWebKit/601.1.46 (KHTML, like Gecko) Mobil","Mozilla/5.0 (iPhone; CPU iPhone OS 9_1 like Mac OS X) AppleWebKit/601.1.46 (KHTML, like Gecko) Mobile/13B143 [FBAN/MessengerForiOS;FBAV/47.0.0.19.116;FBBV/17056928;FBDV/iPhone7,2;FBMD/iPhone;FBSN/iPhone OS;FBSV/9.1;FBSS/2; FBCR/vodafoneUK;FBID/phone;FBLC/en_GB;FBOP/5]","","152.78.0.153","-1.3999999761581","50.900001525879","United Kingdom","Southampton","M4","SO15","Female","Some college, no degree","18-24","Control","","","35"
"24","2015-11-13 16:32:46","2015-11-13 16:34:26","Complete","","","","English","http://m.facebook.com","http://m.facebook.com","1447450366_564656fe6d8d46.85723022","Mozilla/5.0 (iPhone; CPU iPhone OS 9_1 like Mac OS X) AppleWebKit/601.1.46 (KHTML, like Gecko) Mobil","Mozilla/5.0 (iPhone; CPU iPhone OS 9_1 like Mac OS X) AppleWebKit/601.1.46 (KHTML, like Gecko) Mobile/13B143 [FBAN/MessengerForiOS;FBAV/45.0.0.20.227;FBBV/16324485;FBDV/iPhone5,4;FBMD/iPhone;FBSN/iPhone OS;FBSV/9.1;FBSS/2; FBCR/EE;FBID/phone;FBLC/en_GB;FBOP/5]","","152.78.0.186","-1.3999999761581","50.900001525879","United Kingdom","Southampton","M4","SO15","Male","Some college, no degree","18-24","Treatment","","","30"
"25","2015-11-13 17:06:26","2015-11-13 17:07:35","Complete","","","","English","","","1447452386_56465ee271c924.52971987","Mozilla/5.0 (Linux; Android 5.0.1; ALE-L21 Build/HuaweiALE-L21) AppleWebKit/537.36 (KHTML, like Geck","Mozilla/5.0 (Linux; Android 5.0.1; ALE-L21 Build/HuaweiALE-L21) AppleWebKit/537.36 (KHTML, like Gecko) Chrome/46.0.2490.76 Mobile Safari/537.36","","94.197.121.65","-0.12999999523163","51.5","United Kingdom","","","","Male","12th grade or less","under 18","Control","","","65"
"26","2015-11-13 18:00:35","2015-11-13 18:02:48","Complete","","","","English","","","1447455635_56466b93a40823.74916091","Mozilla/5.0 (Windows NT 6.3; WOW64; Trident/7.0; MALNJS; rv:11.0) like Gecko","Mozilla/5.0 (Windows NT 6.3; WOW64; Trident/7.0; MALNJS; rv:11.0) like Gecko","","152.78.0.144","-1.3999999761581","50.900001525879","United Kingdom","Southampton","M4","SO15","Male","Graduated high school or equivalent","18-24","","","","100"
"27","2015-11-13 18:56:04","2015-11-13 18:57:00","Complete","","","","English","","","1447458964_56467894d47ac6.18197232","Mozilla/5.0 (Windows NT 10.0; WOW64) AppleWebKit/537.36 (KHTML, like Gecko) Chrome/46.0.2490.86 Safa","Mozilla/5.0 (Windows NT 10.0; WOW64) AppleWebKit/537.36 (KHTML, like Gecko) Chrome/46.0.2490.86 Safari/537.36","","86.145.57.15","-2.1249001026154","50.789600372314","United Kingdom","Blandford Forum","D6","DT11","Female","Some college, no degree","18-24","","","","100"
"28","2015-11-13 22:35:19","2015-11-13 22:36:17","Complete","","","","English","","","1447472119_5646abf75e2f79.70080415","Mozilla/5.0 (Linux; Android 5.0; SM-G900FD Build/LRX21T) AppleWebKit/537.36 (KHTML, like Gecko) Chro","Mozilla/5.0 (Linux; Android 5.0; SM-G900FD Build/LRX21T) AppleWebKit/537.36 (KHTML, like Gecko) Chrome/46.0.2490.76 Mobile Safari/537.36","","92.96.96.133","54.36669921875","24.46669960022","United Arab Emirates","Abu Dhabi","01","","Female","Post-graduate degree","35-54","Control","","","75"
"29","2015-11-14 06:25:15","2015-11-14 06:26:27","Complete","","","","English","http://m.facebook.com","http://m.facebook.com","1447500313_56471a19ec50c8.49989693","Mozilla/5.0 (iPhone; CPU iPhone OS 9_1 like Mac OS X) AppleWebKit/601.1.46 (KHTML, like Gecko) Mobil","Mozilla/5.0 (iPhone; CPU iPhone OS 9_1 like Mac OS X) AppleWebKit/601.1.46 (KHTML, like Gecko) Mobile/13B143 [FBAN/MessengerForiOS;FBAV/48.0.0.20.47;FBBV/17291106;FBDV/iPhone5,4;FBMD/iPhone;FBSN/iPhone OS;FBSV/9.1;FBSS/2; FBCR/vodafoneUK;FBID/phone;FBLC/en_GB;FBOP/5]","","152.78.0.195","-1.3999999761581","50.900001525879","United Kingdom","Southampton","M4","SO15","Female","Graduated high school or equivalent","18-24","Treatment","","","70"
"30","2015-11-14 07:58:01","2015-11-14 08:01:35","Complete","","","","English","","","1447505881_56472fd9d26836.28670604","Mozilla/5.0 (Macintosh; Intel Mac OS X 10_11_1) AppleWebKit/537.36 (KHTML, like Gecko) Chrome/40.0.2","Mozilla/5.0 (Macintosh; Intel Mac OS X 10_11_1) AppleWebKit/537.36 (KHTML, like Gecko) Chrome/40.0.2214.94 Safari/537.36","","152.78.0.167","-1.3999999761581","50.900001525879","United Kingdom","Southampton","M4","SO15","Female","Graduated high school or equivalent","18-24","Treatment","","","80"
"31","2015-11-14 11:38:42","2015-11-14 11:45:35","Complete","","","","English","","","1447519122_564763922cbaa8.37665979","Mozilla/5.0 (Linux; Android 5.0.1; GT-I9505 Build/LRX22C) AppleWebKit/537.36 (KHTML, like Gecko) Chr","Mozilla/5.0 (Linux; Android 5.0.1; GT-I9505 Build/LRX22C) AppleWebKit/537.36 (KHTML, like Gecko) Chrome/46.0.2490.76 Mobile Safari/537.36","","92.96.113.20","54.36669921875","24.46669960022","United Arab Emirates","Abu Dhabi","01","","Male","Post-graduate degree","35-54","Treatment","","","100"
"32","2015-11-14 11:49:27","2015-11-14 11:50:52","Complete","","","","English","http://m.facebook.com","http://m.facebook.com","1447519767_56476617568811.41106186","Mozilla/5.0 (iPhone; CPU iPhone OS 7_0_3 like Mac OS X) AppleWebKit/537.51.1 (KHTML, like Gecko) Mob","Mozilla/5.0 (iPhone; CPU iPhone OS 7_0_3 like Mac OS X) AppleWebKit/537.51.1 (KHTML, like Gecko) Mobile/11B511 [FBAN/MessengerForiOS;FBAV/48.0.0.20.47;FBBV/17291106;FBDV/iPhone6,2;FBMD/iPhone;FBSN/iPhone OS;FBSV/7.0.3;FBSS/2; FBCR/vodafoneUK;FBID/phone;FBLC/en_GB;FBOP/5]","","85.255.234.25","-0.12999999523163","51.5","United Kingdom","","","","Male","Bachelor's degree","35-54","Treatment","","","100"
"33","2015-11-14 12:11:56","2015-11-14 12:14:45","Complete","","","","English","https://www.facebook.com/","https://www.facebook.com/","1447521115_56476b5bd96b82.96914898","Mozilla/5.0 (Windows NT 6.1; WOW64) AppleWebKit/537.36 (KHTML, like Gecko) Chrome/46.0.2490.86 Safar","Mozilla/5.0 (Windows NT 6.1; WOW64) AppleWebKit/537.36 (KHTML, like Gecko) Chrome/46.0.2490.86 Safari/537.36","","86.188.48.183","-1.3303999900818","51.416301727295","United Kingdom","Newbury","P4","RG14","Female","Graduated high school or equivalent","18-24","Treatment","","","100"
"34","2015-11-14 12:22:13","2015-11-14 12:24:15","Complete","","","","English","","","1447521733_56476dc5612989.76662768","Mozilla/5.0 (Mobile; Windows Phone 8.1; Android 4.0; ARM; Trident/7.0; Touch; rv:11.0; IEMobile/11.0","Mozilla/5.0 (Mobile; Windows Phone 8.1; Android 4.0; ARM; Trident/7.0; Touch; rv:11.0; IEMobile/11.0; NOKIA; 909; Vodafone) like iPhone OS 7_0_3 Mac OS X AppleWebKit/537 (KHTML, like Gecko) Mobile Safari/537","","86.145.57.15","-2.1249001026154","50.789600372314","United Kingdom","Blandford Forum","D6","DT11","Female","Graduated high school or equivalent","35-54","Control","","","69"
"35","2015-11-14 12:23:02","2015-11-14 12:23:49","Partial","","","","English","https://www.facebook.com/","https://www.facebook.com/","1447521782_56476df661fa74.46295794","Mozilla/5.0 (Windows NT 10.0; WOW64) AppleWebKit/537.36 (KHTML, like Gecko) Chrome/46.0.2490.86 Safa","Mozilla/5.0 (Windows NT 10.0; WOW64) AppleWebKit/537.36 (KHTML, like Gecko) Chrome/46.0.2490.86 Safari/537.36","","86.145.57.15","-2.1249001026154","50.789600372314","United Kingdom","Blandford Forum","D6","DT11","Female","12th grade or less","35-54","Control","","",""
"36","2015-11-14 13:27:55","2015-11-14 13:29:53","Complete","","","","English","","","1447525674_56477d2ae07c01.88669987","Mozilla/5.0 (iPhone; CPU iPhone OS 9_1 like Mac OS X) AppleWebKit/601.1.46 (KHTML, like Gecko) Versi","Mozilla/5.0 (iPhone; CPU iPhone OS 9_1 like Mac OS X) AppleWebKit/601.1.46 (KHTML, like Gecko) Version/9.0 Mobile/13B143 Safari/601.1","","81.158.27.192","-0.10000000149012","52.416698455811","United Kingdom","Bury","C3","PE26","Male","Post-graduate degree","55+","Control","","","82"
"37","2015-11-14 22:04:22","2015-11-14 22:07:03","Partial","","","","English","","","1447556662_5647f63636abf8.33429159","Mozilla/5.0 (iPad; CPU OS 7_0_4 like Mac OS X) AppleWebKit/537.51.1 (KHTML, like Gecko) Mobile/11B55","Mozilla/5.0 (iPad; CPU OS 7_0_4 like Mac OS X) AppleWebKit/537.51.1 (KHTML, like Gecko) Mobile/11B554a MicroMessenger/6.3.1 NetType/WIFI Language/zh_CN","","106.186.115.69","139.69000244141","35.689998626709","Japan","","","","Male","Bachelor's degree","35-54","Treatment","","",""
"38","2015-11-14 22:44:04","2015-11-14 22:46:02","Complete","","","","English","","","1447559044_5647ff848981e0.44172380","Mozilla/5.0 (iPad; CPU OS 7_0_4 like Mac OS X) AppleWebKit/537.51.1 (KHTML, like Gecko) Mobile/11B55","Mozilla/5.0 (iPad; CPU OS 7_0_4 like Mac OS X) AppleWebKit/537.51.1 (KHTML, like Gecko) Mobile/11B554a MicroMessenger/6.3.1 NetType/WIFI Language/zh_CN","","143.167.166.50","-1.5","53.36669921875","United Kingdom","Sheffield","L9","S11","Male","Bachelor's degree","35-54","Treatment","","","67"
"39","2015-11-14 23:56:59","2015-11-14 23:57:47","Partial","","","","English","","","1447563419_5648109b4c6817.39587840","Mozilla/5.0 (Macintosh; Intel Mac OS X 10_10_5) AppleWebKit/537.36 (KHTML, like Gecko) Chrome/46.0.2","Mozilla/5.0 (Macintosh; Intel Mac OS X 10_10_5) AppleWebKit/537.36 (KHTML, like Gecko) Chrome/46.0.2490.80 Safari/537.36","","152.78.0.165","-1.3999999761581","50.900001525879","United Kingdom","Southampton","M4","SO15","","","","Control","","",""
"40","2015-11-14 23:58:02","2015-11-14 23:58:31","Partial","","","","English","","","1447563482_564810da6c5664.47470614","Mozilla/5.0 (Macintosh; Intel Mac OS X 10_10_5) AppleWebKit/537.36 (KHTML, like Gecko) Chrome/46.0.2","Mozilla/5.0 (Macintosh; Intel Mac OS X 10_10_5) AppleWebKit/537.36 (KHTML, like Gecko) Chrome/46.0.2490.80 Safari/537.36","","152.78.0.165","-1.3999999761581","50.900001525879","United Kingdom","Southampton","M4","SO15","Male","Some college, no degree","18-24","Treatment","","",""
"41","2015-11-15 08:55:31","2015-11-15 08:55:45","Complete","","","","English","","","1447595730_56488ed2de6de4.79738504","Mozilla/5.0 (X11; CrOS x86_64 7390.61.0) AppleWebKit/537.36 (KHTML, like Gecko) Chrome/46.0.2490.71 ","Mozilla/5.0 (X11; CrOS x86_64 7390.61.0) AppleWebKit/537.36 (KHTML, like Gecko) Chrome/46.0.2490.71 Safari/537.36","","152.78.0.207","-1.3999999761581","50.900001525879","United Kingdom","Southampton","M4","SO15","","","","Control","","",""
"42","2015-11-16 06:35:27","2015-11-16 07:18:00","Partial","","","","English","","","1447673726_5649bf7edeb759.10139321","Mozilla/5.0 (iPhone; CPU iPhone OS 9_1 like Mac OS X) AppleWebKit/600.1.4 (KHTML, like Gecko) CriOS/","Mozilla/5.0 (iPhone; CPU iPhone OS 9_1 like Mac OS X) AppleWebKit/600.1.4 (KHTML, like Gecko) CriOS/46.0.2490.73 Mobile/13B143 Safari/600.1.4","","152.78.1.69","-1.3999999761581","50.900001525879","United Kingdom","Southampton","M4","SO15","Female","Bachelor's degree","under 18","Control","","",""
"43","2015-11-16 06:36:03","2015-11-16 07:17:52","Complete","","","","English","http://www.surveygizmo.com/s3/2444185/f0c2b1b66f43","http://www.surveygizmo.com/s3/2444185/f0c2b1b66f43","1447673763_5649bfa3c9ebc3.42854716","Mozilla/5.0 (iPhone; CPU iPhone OS 9_1 like Mac OS X) AppleWebKit/600.1.4 (KHTML, like Gecko) CriOS/","Mozilla/5.0 (iPhone; CPU iPhone OS 9_1 like Mac OS X) AppleWebKit/600.1.4 (KHTML, like Gecko) CriOS/46.0.2490.73 Mobile/13B143 Safari/600.1.4","","152.78.1.69","-1.3999999761581","50.900001525879","United Kingdom","Southampton","M4","SO15","Female","Bachelor's degree","under 18","Treatment","","","17"
"44","2015-11-16 07:41:39","2015-11-16 07:43:09","Complete","","","","English","","","1447677698_5649cf02bc7d13.99325162","Mozilla/5.0 (Windows NT 10.0; WOW64) AppleWebKit/537.36 (KHTML, like Gecko) Chrome/46.0.2490.86 Safa","Mozilla/5.0 (Windows NT 10.0; WOW64) AppleWebKit/537.36 (KHTML, like Gecko) Chrome/46.0.2490.86 Safari/537.36","","86.150.233.192","-0.61540001630783","51.554798126221","United Kingdom","Slough","M1","SL2","Female","Graduated high school or equivalent","18-24","Control","","","65"
"45","2015-11-16 15:49:46","2015-11-16 15:51:03","Complete","","","","English","","","1447706986_564a416a6178c5.22113171","Mozilla/5.0 (iPhone; CPU iPhone OS 8_4_1 like Mac OS X) AppleWebKit/600.1.4 (KHTML, like Gecko) Vers","Mozilla/5.0 (iPhone; CPU iPhone OS 8_4_1 like Mac OS X) AppleWebKit/600.1.4 (KHTML, like Gecko) Version/8.0 Mobile/12H321 Safari/600.1.4","","10.4.50.188","","","","","","","Female","Some college, no degree","18-24","Control","","","93"
"46","2015-11-17 06:40:24","2015-11-17 06:41:06","Complete","","","","English","https://t.co/JUK9bPJkOG","https://t.co/JUK9bPJkOG","1447760424_564b1228cae016.34955564","Mozilla/5.0 (Macintosh; Intel Mac OS X 10_10_5) AppleWebKit/537.36 (KHTML, like Gecko) Chrome/46.0.2","Mozilla/5.0 (Macintosh; Intel Mac OS X 10_10_5) AppleWebKit/537.36 (KHTML, like Gecko) Chrome/46.0.2490.86 Safari/537.36","","79.173.162.50","-0.093099996447563","51.514198303223","United Kingdom","London","H9","EC4N","Male","Post-graduate degree","25-34","Control","","","90"
"47","2015-11-17 06:46:19","2015-11-17 06:46:56","Complete","","","","English","","","1447760779_564b138b4126f4.60953094","Mozilla/5.0 (Linux; Android 5.0.1; HTC One_M8 Build/LRX22C; wv) AppleWebKit/537.36 (KHTML, like Geck","Mozilla/5.0 (Linux; Android 5.0.1; HTC One_M8 Build/LRX22C; wv) AppleWebKit/537.36 (KHTML, like Gecko) Version/4.0 Chrome/46.0.2490.76 Mobile Safari/537.36 TwitterAndroid","","152.78.0.184","-1.3999999761581","50.900001525879","United Kingdom","Southampton","M4","SO15","Male","Associate degree","18-24","Treatment","","","71"
"48","2015-11-17 06:47:28","2015-11-17 06:47:51","Complete","","","","English","","","1447760848_564b13d0db3e18.50602905","Mozilla/4.0 (compatible; MSIE 7.0; Windows NT 6.1; WOW64; Trident/6.0; SLCC2; .NET CLR 2.0.50727; .N","Mozilla/4.0 (compatible; MSIE 7.0; Windows NT 6.1; WOW64; Trident/6.0; SLCC2; .NET CLR 2.0.50727; .NET CLR 3.5.30729; .NET CLR 3.0.30729; Media Center PC 6.0; MS-RTC LM 8; .NET4.0C; .NET4.0E; InfoPath.3)","","32.58.234.250","-81.732902526855","28.022199630737","United States","","FL","","Male","Bachelor's degree","18-24","Treatment","","","80"
"49","2015-11-17 06:48:22","2015-11-17 06:49:22","Complete","","","","English","https://t.co/JUK9bPJkOG","https://t.co/JUK9bPJkOG","1447760902_564b14060cc151.17790235","Mozilla/5.0 (Macintosh; Intel Mac OS X 10_10_5) AppleWebKit/537.36 (KHTML, like Gecko) Chrome/46.0.2","Mozilla/5.0 (Macintosh; Intel Mac OS X 10_10_5) AppleWebKit/537.36 (KHTML, like Gecko) Chrome/46.0.2490.86 Safari/537.36","","50.164.49.83","-77.902099609375","40.797500610352","United States","State College","PA","16803","Male","Post-graduate degree","35-54","Treatment","","","74"
"50","2015-11-17 06:51:45","2015-11-17 06:52:59","Complete","","","","English","https://t.co/JUK9bPJkOG","https://t.co/JUK9bPJkOG","1447761105_564b14d11baff1.23523784","Mozilla/5.0 (iPhone; CPU iPhone OS 9_1 like Mac OS X) AppleWebKit/601.1.46 (KHTML, like Gecko) Mobil","Mozilla/5.0 (iPhone; CPU iPhone OS 9_1 like Mac OS X) AppleWebKit/601.1.46 (KHTML, like Gecko) Mobile/13B143 Twitter for iPhone","","152.78.0.156","-1.3999999761581","50.900001525879","United Kingdom","Southampton","M4","SO15","Male","Some college, no degree","18-24","Control","","","100"
"51","2015-11-17 08:20:09","2015-11-17 08:20:44","Complete","","","","English","","","1447766409_564b29893c6cb6.80973295","Mozilla/5.0 (Linux; Android 5.0; LG-D855 Build/LRX21R.A1431991532; wv) AppleWebKit/537.36 (KHTML, li","Mozilla/5.0 (Linux; Android 5.0; LG-D855 Build/LRX21R.A1431991532; wv) AppleWebKit/537.36 (KHTML, like Gecko) Version/4.0 Chrome/46.0.2490.76 Mobile Safari/537.36 TwitterAndroid","","152.78.0.189","-1.3999999761581","50.900001525879","United Kingdom","Southampton","M4","SO15","Male","Some college, no degree","18-24","Control","","","84"
"52","2015-11-17 09:45:19","2015-11-17 09:46:14","Complete","","","","English","","","1447771519_564b3d7fbfaf21.17949735","Mozilla/5.0 (Windows NT 10.0; WOW64) AppleWebKit/537.36 (KHTML, like Gecko) Chrome/46.0.2490.86 Safa","Mozilla/5.0 (Windows NT 10.0; WOW64) AppleWebKit/537.36 (KHTML, like Gecko) Chrome/46.0.2490.86 Safari/537.36","","152.78.215.23","-1.3999999761581","50.900001525879","United Kingdom","Southampton","M4","SO15","Male","Some college, no degree","18-24","Treatment","","","100"
"53","2015-11-17 11:51:34","2015-11-17 11:53:41","Complete","","","","English","","","1447779094_564b5b16c7b4d4.96228128","Mozilla/5.0 (Windows NT 6.3; WOW64) AppleWebKit/537.36 (KHTML, like Gecko) Chrome/46.0.2490.86 Safar","Mozilla/5.0 (Windows NT 6.3; WOW64) AppleWebKit/537.36 (KHTML, like Gecko) Chrome/46.0.2490.86 Safari/537.36","","139.222.182.113","1.2999999523163","52.63330078125","United Kingdom","Norwich","I9","NR2","Female","Some college, no degree","18-24","Control","","","85"
"54","2015-11-17 13:32:02","2015-11-17 13:33:28","Complete","","","","English","https://t.co/JUK9bPJkOG","https://t.co/JUK9bPJkOG","1447785122_564b72a2343320.99757082","Mozilla/5.0 (iPhone; CPU iPhone OS 9_1 like Mac OS X) AppleWebKit/601.1.46 (KHTML, like Gecko) Mobil","Mozilla/5.0 (iPhone; CPU iPhone OS 9_1 like Mac OS X) AppleWebKit/601.1.46 (KHTML, like Gecko) Mobile/13B143 Twitter for iPhone","","152.78.0.164","-1.3999999761581","50.900001525879","United Kingdom","Southampton","M4","SO15","Male","Some college, no degree","18-24","Treatment","","",""
"55","2015-11-17 13:33:41","2015-11-17 13:35:00","Complete","","","","English","https://t.co/JUK9bPJkOG","https://t.co/JUK9bPJkOG","1447785221_564b73052ed317.43937743","Mozilla/5.0 (iPhone; CPU iPhone OS 9_1 like Mac OS X) AppleWebKit/601.1.46 (KHTML, like Gecko) Mobil","Mozilla/5.0 (iPhone; CPU iPhone OS 9_1 like Mac OS X) AppleWebKit/601.1.46 (KHTML, like Gecko) Mobile/13B143 Twitter for iPhone","","152.78.0.164","-1.3999999761581","50.900001525879","United Kingdom","Southampton","M4","SO15","Female","Some college, no degree","18-24","Control","","","55"
"56","2015-11-17 13:35:06","2015-11-17 13:36:27","Complete","","","","English","https://t.co/JUK9bPJkOG","https://t.co/JUK9bPJkOG","1447785306_564b735a134582.53916015","Mozilla/5.0 (iPhone; CPU iPhone OS 9_1 like Mac OS X) AppleWebKit/601.1.46 (KHTML, like Gecko) Mobil","Mozilla/5.0 (iPhone; CPU iPhone OS 9_1 like Mac OS X) AppleWebKit/601.1.46 (KHTML, like Gecko) Mobile/13B143 Twitter for iPhone","","152.78.0.164","-1.3999999761581","50.900001525879","United Kingdom","Southampton","M4","SO15","Male","Some college, no degree","18-24","Control","","","20"
"57","2015-11-17 13:36:34","2015-11-17 13:37:31","Complete","","","","English","https://t.co/JUK9bPJkOG","https://t.co/JUK9bPJkOG","1447785394_564b73b24a3fc9.29443092","Mozilla/5.0 (iPhone; CPU iPhone OS 9_1 like Mac OS X) AppleWebKit/601.1.46 (KHTML, like Gecko) Mobil","Mozilla/5.0 (iPhone; CPU iPhone OS 9_1 like Mac OS X) AppleWebKit/601.1.46 (KHTML, like Gecko) Mobile/13B143 Twitter for iPhone","","152.78.0.164","-1.3999999761581","50.900001525879","United Kingdom","Southampton","M4","SO15","Female","Some college, no degree","18-24","Control","","","0"
"58","2015-11-17 13:38:09","2015-11-17 13:41:46","Complete","","","","English","https://t.co/JUK9bPJkOG","https://t.co/JUK9bPJkOG","1447785489_564b74113af2b2.19044904","Mozilla/5.0 (iPhone; CPU iPhone OS 9_1 like Mac OS X) AppleWebKit/601.1.46 (KHTML, like Gecko) Mobil","Mozilla/5.0 (iPhone; CPU iPhone OS 9_1 like Mac OS X) AppleWebKit/601.1.46 (KHTML, like Gecko) Mobile/13B143 Twitter for iPhone","","152.78.0.164","-1.3999999761581","50.900001525879","United Kingdom","Southampton","M4","SO15","Male","Some college, no degree","18-24","Treatment","","","80"
"59","2015-11-17 16:27:02","2015-11-17 16:27:56","Complete","","","","English","https://t.co/JUK9bPJkOG","https://t.co/JUK9bPJkOG","1447795622_564b9ba61bee05.00367514","Mozilla/5.0 (Windows NT 10.0; WOW64; rv:42.0) Gecko/20100101 Firefox/42.0","Mozilla/5.0 (Windows NT 10.0; WOW64; rv:42.0) Gecko/20100101 Firefox/42.0","","90.217.103.237","-1.3999999761581","50.900001525879","United Kingdom","Southampton","M4","SO15","Male","Graduated high school or equivalent","18-24","Control","","","80"
"60","2015-11-18 05:56:39","2015-11-18 05:57:55","Complete","","","","English","https://t.co/JUK9bPJkOG","https://t.co/JUK9bPJkOG","1447844199_564c59676577e3.81449829","Mozilla/5.0 (iPhone; CPU iPhone OS 9_1 like Mac OS X) AppleWebKit/601.1.46 (KHTML, like Gecko) Mobil","Mozilla/5.0 (iPhone; CPU iPhone OS 9_1 like Mac OS X) AppleWebKit/601.1.46 (KHTML, like Gecko) Mobile/13B143 Twitter for iPhone","","86.24.127.175","-0.10040000081062","51.240600585938","United Kingdom","Redhill","N7","RH1","Female","Associate degree","18-24","Treatment","","","70"
"61","2015-11-18 09:13:11","2015-11-18 09:14:26","Complete","","","","English","https://t.co/JUK9bPJkOG","https://t.co/JUK9bPJkOG","1447855991_564c8777407946.67330554","Mozilla/5.0 (Windows NT 6.1; WOW64) AppleWebKit/537.36 (KHTML, like Gecko) Chrome/46.0.2490.86 Safar","Mozilla/5.0 (Windows NT 6.1; WOW64) AppleWebKit/537.36 (KHTML, like Gecko) Chrome/46.0.2490.86 Safari/537.36","","86.130.24.64","-2.6493999958038","51.209400177002","United Kingdom","Wells","M3","BA5","Female","Some college, no degree","18-24","Treatment","","","74"
"62","2015-11-18 19:02:24","2015-11-18 19:03:07","Complete","","","","English","https://t.co/JUK9bPJkOG","https://t.co/JUK9bPJkOG","1447891344_564d11908fc393.13900976","Mozilla/5.0 (Macintosh; Intel Mac OS X 10_11_1) AppleWebKit/601.2.7 (KHTML, like Gecko) Version/9.0.","Mozilla/5.0 (Macintosh; Intel Mac OS X 10_11_1) AppleWebKit/601.2.7 (KHTML, like Gecko) Version/9.0.1 Safari/601.2.7","","81.106.33.33","-1.3999999761581","50.900001525879","United Kingdom","Southampton","M4","SO15","Female","Post-graduate degree","25-34","Control","","","100"
"63","2015-11-19 06:16:39","2015-11-19 06:17:35","Complete","","","","English","http://m.facebook.com","http://m.facebook.com","1447931799_564daf976c3bb6.89877181","Mozilla/5.0 (iPhone; CPU iPhone OS 9_0_1 like Mac OS X) AppleWebKit/601.1.46 (KHTML, like Gecko) Mob","Mozilla/5.0 (iPhone; CPU iPhone OS 9_0_1 like Mac OS X) AppleWebKit/601.1.46 (KHTML, like Gecko) Mobile/13A404 [FBAN/FBIOS;FBAV/43.0.0.26.314;FBBV/17000587;FBDV/iPhone5,4;FBMD/iPhone;FBSN/iPhone OS;FBSV/9.0.1;FBSS/2; FBCR/Virgin;FBID/phone;FBLC/en_GB;FBOP/5]","","31.205.68.180","-1.383299946785","50.900001525879","United Kingdom","Southampton","M4","SO14","Female","Some college, no degree","18-24","Control","","","14"
"64","2015-11-19 06:38:34","2015-11-19 06:39:49","Complete","","","","English","http://m.facebook.com","http://m.facebook.com","1447933114_564db4ba0ef649.39722534","Mozilla/5.0 (iPhone; CPU iPhone OS 9_1 like Mac OS X) AppleWebKit/601.1.46 (KHTML, like Gecko) Mobil","Mozilla/5.0 (iPhone; CPU iPhone OS 9_1 like Mac OS X) AppleWebKit/601.1.46 (KHTML, like Gecko) Mobile/13B143 [FBAN/FBIOS;FBAV/43.0.0.26.314;FBBV/17000587;FBDV/iPhone5,4;FBMD/iPhone;FBSN/iPhone OS;FBSV/9.1;FBSS/2; FBCR/vodafoneUK;FBID/phone;FBLC/en_GB;FBOP/5]","","152.78.0.200","-1.3999999761581","50.900001525879","United Kingdom","Southampton","M4","SO15","Female","Graduated high school or equivalent","18-24","Control","","","25"
"65","2015-11-19 06:39:08","2015-11-19 06:41:14","Complete","","","","English","http://m.facebook.com","http://m.facebook.com","1447933148_564db4dc6eaf29.18092260","Mozilla/5.0 (iPhone; CPU iPhone OS 8_3 like Mac OS X) AppleWebKit/600.1.4 (KHTML, like Gecko) Mobile","Mozilla/5.0 (iPhone; CPU iPhone OS 8_3 like Mac OS X) AppleWebKit/600.1.4 (KHTML, like Gecko) Mobile/12F70 [FBAN/FBIOS;FBAV/43.0.0.26.314;FBBV/17000587;FBDV/iPhone5,2;FBMD/iPhone;FBSN/iPhone OS;FBSV/8.3;FBSS/2; FBCR/vodafoneUK;FBID/phone;FBLC/en_GB;FBOP/5]","","128.243.2.139","-1.1667000055313","52.966701507568","United Kingdom","Nottingham","J8","NG1","Female","Graduated high school or equivalent","18-24","Control","","","40"
"66","2015-11-19 06:44:42","2015-11-19 06:46:08","Complete","","","","English","http://m.facebook.com","http://m.facebook.com","1447933482_564db62ae97f45.78043465","Mozilla/5.0 (iPhone; CPU iPhone OS 9_0_2 like Mac OS X) AppleWebKit/601.1.46 (KHTML, like Gecko) Mob","Mozilla/5.0 (iPhone; CPU iPhone OS 9_0_2 like Mac OS X) AppleWebKit/601.1.46 (KHTML, like Gecko) Mobile/13A452 [FBAN/FBIOS;FBAV/25.0.0.11.10;FBBV/7293189;FBDV/iPhone5,4;FBMD/iPhone;FBSN/iPhone OS;FBSV/9.0.2;FBSS/2; FBCR/EE;FBID/phone;FBLC/en_GB;FBOP/5]","","213.104.225.61","-1.1497000455856","50.788398742676","United Kingdom","Gosport","F2","PO12","Female","Post-graduate degree","18-24","Treatment","","","30"
"67","2015-11-19 07:00:40","2015-11-19 07:01:42","Complete","","","","English","http://m.facebook.com","http://m.facebook.com","1447934440_564db9e84f4f04.40910998","Mozilla/5.0 (iPhone; CPU iPhone OS 9_1 like Mac OS X) AppleWebKit/601.1.46 (KHTML, like Gecko) Mobil","Mozilla/5.0 (iPhone; CPU iPhone OS 9_1 like Mac OS X) AppleWebKit/601.1.46 (KHTML, like Gecko) Mobile/13B143 [FBAN/FBIOS;FBAV/43.0.0.26.314;FBBV/17000587;FBDV/iPhone6,2;FBMD/iPhone;FBSN/iPhone OS;FBSV/9.1;FBSS/2; FBCR/vodafoneUK;FBID/phone;FBLC/en_GB;FBOP/5]","","194.81.33.118","-3","53.416698455811","United Kingdom","Liverpool","H8","L1","Female","Graduated high school or equivalent","18-24","Control","","","69"
"68","2015-11-19 07:04:07","2015-11-19 07:05:05","Complete","","","","English","","","1447934647_564dbab7a135e7.18164041","Mozilla/5.0 (Linux; Android 5.0; SAMSUNG SM-G900F Build/LRX21T) AppleWebKit/537.36 (KHTML, like Geck","Mozilla/5.0 (Linux; Android 5.0; SAMSUNG SM-G900F Build/LRX21T) AppleWebKit/537.36 (KHTML, like Gecko) SamsungBrowser/2.1 Chrome/34.0.1847.76 Mobile Safari/537.36","","94.197.121.249","-0.12999999523163","51.5","United Kingdom","","","","Male","Some college, no degree","under 18","Control","","","78"
"69","2015-11-19 07:09:24","2015-11-19 07:11:41","Complete","","","","English","http://m.facebook.com","http://m.facebook.com","1447934964_564dbbf4788a70.77233607","Mozilla/5.0 (iPhone; CPU iPhone OS 8_1_2 like Mac OS X) AppleWebKit/600.1.4 (KHTML, like Gecko) Mobi","Mozilla/5.0 (iPhone; CPU iPhone OS 8_1_2 like Mac OS X) AppleWebKit/600.1.4 (KHTML, like Gecko) Mobile/12B440 [FBAN/FBIOS;FBAV/41.0.0.22.268;FBBV/15798540;FBDV/iPhone4,1;FBMD/iPhone;FBSN/iPhone OS;FBSV/8.1.2;FBSS/2; FBCR/O2;FBID/phone;FBLC/en_GB;FBOP/5]","","10.1.24.52","","","","","","","Female","Some college, no degree","35-54","Control","","","39"
"70","2015-11-19 07:51:02","2015-11-19 07:53:39","Complete","","","","English","","","1447937462_564dc5b6685be5.37111769","Mozilla/5.0 (Linux; U; Android 4.3; en-gb; SAMSUNG GT-I9300/I9300XXUGNH4 Build/JSS15J) AppleWebKit/5","Mozilla/5.0 (Linux; U; Android 4.3; en-gb; SAMSUNG GT-I9300/I9300XXUGNH4 Build/JSS15J) AppleWebKit/534.30 (KHTML, like Gecko) Version/4.0 Mobile Safari/534.30","","86.150.116.7","-0.71219998598099","50.776500701904","United Kingdom","Bognor Regis","P6","PO21","Female","Associate degree","18-24","Treatment","","","15"
"71","2015-11-19 08:06:30","2015-11-19 08:07:49","Complete","","","","English","http://m.facebook.com","http://m.facebook.com","1447938390_564dc956ac3fc4.74155392","Mozilla/5.0 (iPhone; CPU iPhone OS 9_1 like Mac OS X) AppleWebKit/601.1.46 (KHTML, like Gecko) Mobil","Mozilla/5.0 (iPhone; CPU iPhone OS 9_1 like Mac OS X) AppleWebKit/601.1.46 (KHTML, like Gecko) Mobile/13B143 [FBAN/FBIOS;FBAV/36.1.0.43.231;FBBV/13557860;FBDV/iPhone6,2;FBMD/iPhone;FBSN/iPhone OS;FBSV/9.1;FBSS/2; FBCR/EE;FBID/phone;FBLC/en_GB;FBOP/5]","","213.205.194.80","-0.46669998764992","51.36669921875","United Kingdom","Weybridge","N7","KT13","Female","Some college, no degree","35-54","Treatment","","","87"
"72","2015-11-19 09:04:52","2015-11-19 09:06:07","Complete","","","","English","https://m.facebook.com/","https://m.facebook.com/","1447941892_564dd704ea8539.03008662","Mozilla/5.0 (Linux; Android 4.4.2; GT-I9505 Build/KOT49H) AppleWebKit/537.36 (KHTML, like Gecko) Chr","Mozilla/5.0 (Linux; Android 4.4.2; GT-I9505 Build/KOT49H) AppleWebKit/537.36 (KHTML, like Gecko) Chrome/46.0.2490.76 Mobile Safari/537.36","","188.29.164.92","-0.093099996447563","51.514198303223","United Kingdom","London","H9","EC4N","Female","Some college, no degree","under 18","Control","","","80"
"73","2015-11-19 09:06:22","2015-11-19 09:07:06","Complete","","","","English","http://m.facebook.com","http://m.facebook.com","1447941982_564dd75e1d4660.01558206","Mozilla/5.0 (iPhone; CPU iPhone OS 9_1 like Mac OS X) AppleWebKit/601.1.46 (KHTML, like Gecko) Mobil","Mozilla/5.0 (iPhone; CPU iPhone OS 9_1 like Mac OS X) AppleWebKit/601.1.46 (KHTML, like Gecko) Mobile/13B143 [FBAN/FBIOS;FBAV/43.0.0.26.314;FBBV/17000587;FBDV/iPhone5,1;FBMD/iPhone;FBSN/iPhone OS;FBSV/9.1;FBSS/2; FBCR/Virgin;FBID/phone;FBLC/en_GB;FBOP/5]","","149.254.235.142","-2.2167000770569","53.5","United Kingdom","Manchester","I2","M40","Female","Bachelor's degree","18-24","Treatment","","","19"
"74","2015-11-19 09:20:53","2015-11-19 09:22:38","Complete","","","","English","http://m.facebook.com","http://m.facebook.com","1447942853_564ddac5ecc463.60843633","Mozilla/5.0 (iPhone; CPU iPhone OS 9_1 like Mac OS X) AppleWebKit/601.1.46 (KHTML, like Gecko) Mobil","Mozilla/5.0 (iPhone; CPU iPhone OS 9_1 like Mac OS X) AppleWebKit/601.1.46 (KHTML, like Gecko) Mobile/13B143 [FBAN/FBIOS;FBAV/43.0.0.26.314;FBBV/17000587;FBDV/iPhone7,2;FBMD/iPhone;FBSN/iPhone OS;FBSV/9.1;FBSS/2; FBCR/O2;FBID/phone;FBLC/en_GB;FBOP/5]","","10.4.159.51","","","","","","","Female","Some college, no degree","18-24","Treatment","","","10"
"75","2015-11-19 09:38:49","2015-11-19 09:40:14","Complete","","","","English","","","1447943929_564ddef968e3a1.83001940","Mozilla/5.0 (Linux; Android 4.4.2; HTC Desire 610 Build/KOT49H) AppleWebKit/537.36 (KHTML, like Geck","Mozilla/5.0 (Linux; Android 4.4.2; HTC Desire 610 Build/KOT49H) AppleWebKit/537.36 (KHTML, like Gecko) Chrome/46.0.2490.76 Mobile Safari/537.36","","82.19.252.62","-1.1497000455856","50.788398742676","United Kingdom","Gosport","F2","PO12","Female","Some college, no degree","18-24","Treatment","","","71"
"76","2015-11-19 09:59:56","2015-11-19 10:02:36","Complete","","","","English","","","1447945196_564de3ecc3fdb3.00918131","Mozilla/5.0 (Linux; U; Android 4.1.2; en-gb; GT-S5310G Build/JZO54K) AppleWebKit/534.30 (KHTML, like","Mozilla/5.0 (Linux; U; Android 4.1.2; en-gb; GT-S5310G Build/JZO54K) AppleWebKit/534.30 (KHTML, like Gecko) Version/4.0 Mobile Safari/534.30","","194.74.3.130","-0.12999999523163","51.5","United Kingdom","","","","Female","Some college, no degree","18-24","Treatment","","","97"
"77","2015-11-19 10:04:33","2015-11-19 10:04:57","Complete","","","","English","https://www.facebook.com/","https://www.facebook.com/","1447945473_564de501db7515.83289658","Mozilla/5.0 (Windows NT 10.0; WOW64) AppleWebKit/537.36 (KHTML, like Gecko) Chrome/46.0.2490.86 Safa","Mozilla/5.0 (Windows NT 10.0; WOW64) AppleWebKit/537.36 (KHTML, like Gecko) Chrome/46.0.2490.86 Safari/537.36","","213.104.231.111","-1.1756000518799","50.827098846436","United Kingdom","Gosport","F2","PO13","Female","Some college, no degree","18-24","Control","","","0"
"78","2015-11-19 10:07:49","2015-11-19 10:08:39","Complete","","","","English","https://m.facebook.com/","https://m.facebook.com/","1447945669_564de5c5d85861.89002232","Mozilla/5.0 (Linux; Android 5.0.2; XT1068 Build/LXB22.99-16.3) AppleWebKit/537.36 (KHTML, like Gecko","Mozilla/5.0 (Linux; Android 5.0.2; XT1068 Build/LXB22.99-16.3) AppleWebKit/537.36 (KHTML, like Gecko) Chrome/46.0.2490.76 Mobile Safari/537.36","","148.197.129.215","-1.0832999944687","50.796699523926","United Kingdom","Portsmouth","K6","PO5","Female","12th grade or less","18-24","Treatment","","","0"
"79","2015-11-19 10:44:51","2015-11-19 10:45:55","Complete","","","","English","http://m.facebook.com","http://m.facebook.com","1447947891_564dee73a89c70.09156788","Mozilla/5.0 (iPhone; CPU iPhone OS 9_1 like Mac OS X) AppleWebKit/601.1.46 (KHTML, like Gecko) Mobil","Mozilla/5.0 (iPhone; CPU iPhone OS 9_1 like Mac OS X) AppleWebKit/601.1.46 (KHTML, like Gecko) Mobile/13B143 [FBAN/FBIOS;FBAV/44.0.0.54.111;FBBV/17684769;FBDV/iPhone5,2;FBMD/iPhone;FBSN/iPhone OS;FBSV/9.1;FBSS/2; FBCR/O2;FBID/phone;FBLC/en_GB;FBOP/5]","","82.8.158.106","-1.2332999706268","50.816699981689","United Kingdom","Fareham","F2","PO14","Female","Some college, no degree","18-24","Control","","","38"
"80","2015-11-19 10:57:07","2015-11-19 10:58:25","Complete","","","","English","http://m.facebook.com/","http://m.facebook.com/","1447948627_564df1535869c3.97649912","Mozilla/5.0 (Linux; Android 4.4.2; LG-D802 Build/KOT49I.D80220h) AppleWebKit/537.36 (KHTML, like Gec","Mozilla/5.0 (Linux; Android 4.4.2; LG-D802 Build/KOT49I.D80220h) AppleWebKit/537.36 (KHTML, like Gecko) Version/4.0 Chrome/30.0.0.0 Mobile Safari/537.36","","137.222.114.245","-2.583300113678","51.450000762939","United Kingdom","Bristol","B7","BS1","Female","Graduated high school or equivalent","18-24","Treatment","","","20"
"81","2015-11-19 11:07:19","2015-11-19 11:08:01","Complete","","","","English","http://m.facebook.com/","http://m.facebook.com/","1447949239_564df3b7407166.64724854","Mozilla/5.0 (Linux; Android 5.1.1; D6603 Build/23.4.A.1.232; wv) AppleWebKit/537.36 (KHTML, like Gec","Mozilla/5.0 (Linux; Android 5.1.1; D6603 Build/23.4.A.1.232; wv) AppleWebKit/537.36 (KHTML, like Gecko) Version/4.0 Chrome/46.0.2490.76 Mobile Safari/537.36 [FB_IAB/FB4A;FBAV/54.0.0.23.62;]","","2.220.151.211","-2.0999999046326","57.13330078125","United Kingdom","Aberdeen","T5","AB10","Female","Some college, no degree","18-24","Control","","","65"
"82","2015-11-19 11:18:50","2015-11-19 11:20:29","Complete","","","","English","http://m.facebook.com","http://m.facebook.com","1447949930_564df66ad682e4.16883117","Mozilla/5.0 (iPhone; CPU iPhone OS 9_1 like Mac OS X) AppleWebKit/601.1.46 (KHTML, like Gecko) Mobil","Mozilla/5.0 (iPhone; CPU iPhone OS 9_1 like Mac OS X) AppleWebKit/601.1.46 (KHTML, like Gecko) Mobile/13B143 [FBAN/FBIOS;FBAV/43.0.0.26.314;FBBV/17000587;FBDV/iPhone7,2;FBMD/iPhone;FBSN/iPhone OS;FBSV/9.1;FBSS/2; FBCR/O2;FBID/phone;FBLC/en_GB;FBOP/5]","","5.70.183.52","-1.0832999944687","50.796699523926","United Kingdom","Portsmouth","K6","PO5","Female","12th grade or less","under 18","Control","","","11"
"83","2015-11-19 12:13:38","2015-11-19 12:14:47","Complete","","","","English","https://www.facebook.com/","https://www.facebook.com/","1447953218_564e0342de4b80.32052354","Mozilla/5.0 (Windows NT 10.0; WOW64) AppleWebKit/537.36 (KHTML, like Gecko) Chrome/46.0.2490.86 Safa","Mozilla/5.0 (Windows NT 10.0; WOW64) AppleWebKit/537.36 (KHTML, like Gecko) Chrome/46.0.2490.86 Safari/537.36","","213.104.231.111","-1.1756000518799","50.827098846436","United Kingdom","Gosport","F2","PO13","Female","Some college, no degree","55+","Treatment","","","19"
"84","2015-11-19 12:27:07","2015-11-19 12:27:55","Partial","","","","English","http://m.facebook.com/","http://m.facebook.com/","1447954027_564e066ba9b483.12399070","Mozilla/5.0 (Linux; Android 5.1.1; D6603 Build/23.4.A.1.200; wv) AppleWebKit/537.36 (KHTML, like Gec","Mozilla/5.0 (Linux; Android 5.1.1; D6603 Build/23.4.A.1.200; wv) AppleWebKit/537.36 (KHTML, like Gecko) Version/4.0 Chrome/46.0.2490.76 Mobile Safari/537.36 [FB_IAB/FB4A;FBAV/54.0.0.23.62;]","","213.205.194.92","-0.46669998764992","51.36669921875","United Kingdom","Weybridge","N7","KT13","Male","Graduated high school or equivalent","18-24","Treatment","","",""
"85","2015-11-19 12:52:00","2015-11-19 12:53:32","Complete","","","","English","http://l.facebook.com/l.php?u=http%3A%2F%2Fj.mp%2Fstudent-research-survey&h=-AQGex0s2&s=1","http://l.facebook.com/l.php?u=http%3A%2F%2Fj.mp%2Fstudent-research-survey&h=-AQGex0s2&s=1","1447955520_564e0c40dbbdc8.91941151","Mozilla/5.0 (Mobile; Windows Phone 8.1; Android 4.0; ARM; Trident/7.0; Touch; rv:11.0; IEMobile/11.0","Mozilla/5.0 (Mobile; Windows Phone 8.1; Android 4.0; ARM; Trident/7.0; Touch; rv:11.0; IEMobile/11.0; Microsoft; Lumia 535) like iPhone OS 7_0_3 Mac OS X AppleWebKit/537 (KHTML, like Gecko) Mobile Safari/537","","86.190.236.136","-1.1497000455856","50.788398742676","United Kingdom","Gosport","F2","PO12","Male","Graduated high school or equivalent","under 18","Treatment","","","60"
"86","2015-11-19 12:56:07","2015-11-19 12:57:22","Complete","","","","English","http://m.facebook.com/","http://m.facebook.com/","1447955767_564e0d37ddf634.84426506","Mozilla/5.0 (Linux; Android 5.0; SM-G900F Build/LRX21T; wv) AppleWebKit/537.36 (KHTML, like Gecko) V","Mozilla/5.0 (Linux; Android 5.0; SM-G900F Build/LRX21T; wv) AppleWebKit/537.36 (KHTML, like Gecko) Version/4.0 Chrome/46.0.2490.76 Mobile Safari/537.36 [FB_IAB/FB4A;FBAV/55.0.0.18.66;]","","82.26.109.41","-1.0391999483109","50.786499023438","United Kingdom","Southsea","K6","PO4","Female","Some college, no degree","25-34","Treatment","","","23"
"87","2015-11-19 13:20:13","2015-11-19 13:21:09","Complete","","","","English","http://m.facebook.com/","http://m.facebook.com/","1447957213_564e12dd881d87.46692213","Mozilla/5.0 (Linux; Android 5.0.2; SM-A500FU Build/LRX22G; wv) AppleWebKit/537.36 (KHTML, like Gecko","Mozilla/5.0 (Linux; Android 5.0.2; SM-A500FU Build/LRX22G; wv) AppleWebKit/537.36 (KHTML, like Gecko) Version/4.0 Chrome/46.0.2490.76 Mobile Safari/537.36 [FB_IAB/FB4A;FBAV/54.0.0.23.62;]","","5.64.28.151","-1.133299946785","50.799999237061","United Kingdom","Gosport","F2","PO12","Male","Graduated high school or equivalent","18-24","Treatment","","","0"
"88","2015-11-19 14:00:20","2015-11-19 14:02:03","Complete","","","","English","","","1447959620_564e1c4411f5a1.28589954","Mozilla/5.0 (Linux; Android 5.0.1; GT-I9505 Build/LRX22C) AppleWebKit/537.36 (KHTML, like Gecko) Chr","Mozilla/5.0 (Linux; Android 5.0.1; GT-I9505 Build/LRX22C) AppleWebKit/537.36 (KHTML, like Gecko) Chrome/46.0.2490.76 Mobile Safari/537.36","","86.31.39.204","-0.18709999322891","51.796901702881","United Kingdom","Welwyn Garden City","F8","AL7","Male","","under 18","Treatment","","","50"
"89","2015-11-19 14:20:28","2015-11-19 14:21:52","Complete","","","","English","","","1447960828_564e20fc421980.56372984","Mozilla/5.0 (Windows NT 6.1; WOW64; Trident/7.0; rv:11.0) like Gecko","Mozilla/5.0 (Windows NT 6.1; WOW64; Trident/7.0; rv:11.0) like Gecko","","86.31.39.204","-0.18709999322891","51.796901702881","United Kingdom","Welwyn Garden City","F8","AL7","Female","Bachelor's degree","35-54","Control","","",""
"90","2015-11-19 15:12:03","2015-11-19 15:13:38","Complete","","","","English","http://m.facebook.com/","http://m.facebook.com/","1447963923_564e2d13736ea7.42541343","Mozilla/5.0 (Linux; U; Android 4.3; en-gb; GT-I9300 Build/JSS15J) AppleWebKit/534.30 (KHTML, like Ge","Mozilla/5.0 (Linux; U; Android 4.3; en-gb; GT-I9300 Build/JSS15J) AppleWebKit/534.30 (KHTML, like Gecko) Version/4.0 Mobile Safari/534.30 [FB_IAB/FB4A;FBAV/54.0.0.23.62;]","","213.104.227.61","-1.1497000455856","50.788398742676","United Kingdom","Gosport","F2","PO12","Female","Some college, no degree","18-24","Treatment","","","0"
"91","2015-11-19 15:33:47","2015-11-19 15:35:20","Complete","","","","English","","","1447965227_564e322b3a9b66.52056736","Mozilla/5.0 (iPad; CPU OS 8_4 like Mac OS X) AppleWebKit/600.1.4 (KHTML, like Gecko) Version/8.0 Mob","Mozilla/5.0 (iPad; CPU OS 8_4 like Mac OS X) AppleWebKit/600.1.4 (KHTML, like Gecko) Version/8.0 Mobile/12H143 Safari/600.1.4","","86.31.39.204","-0.18709999322891","51.796901702881","United Kingdom","Welwyn Garden City","F8","AL7","Male","Bachelor's degree","55+","Control","","","90"
"92","2015-11-19 15:35:53","2015-11-19 15:37:14","Complete","","","","English","","","1447965353_564e32a9cdf6d7.72391328","Mozilla/5.0 (iPad; CPU OS 8_4 like Mac OS X) AppleWebKit/600.1.4 (KHTML, like Gecko) Version/8.0 Mob","Mozilla/5.0 (iPad; CPU OS 8_4 like Mac OS X) AppleWebKit/600.1.4 (KHTML, like Gecko) Version/8.0 Mobile/12H143 Safari/600.1.4","","86.31.39.204","-0.18709999322891","51.796901702881","United Kingdom","Welwyn Garden City","F8","AL7","Male","Graduated high school or equivalent","18-24","Treatment","","","90"
"93","2015-11-19 17:21:33","2015-11-19 17:23:03","Complete","","","","English","http://m.facebook.com","http://m.facebook.com","1447971693_564e4b6d2ccfb4.95875163","Mozilla/5.0 (iPhone; CPU iPhone OS 9_1 like Mac OS X) AppleWebKit/601.1.46 (KHTML, like Gecko) Mobil","Mozilla/5.0 (iPhone; CPU iPhone OS 9_1 like Mac OS X) AppleWebKit/601.1.46 (KHTML, like Gecko) Mobile/13B143 [FBAN/FBIOS;FBAV/44.0.0.54.111;FBBV/17684769;FBDV/iPhone8,1;FBMD/iPhone;FBSN/iPhone OS;FBSV/9.1;FBSS/2; FBCR/O2;FBID/phone;FBLC/en_GB;FBOP/5]","","82.18.82.30","-1.1497000455856","50.788398742676","United Kingdom","Gosport","F2","PO12","Female","Graduated high school or equivalent","under 18","Control","","","20"
"94","2015-11-20 05:13:36","2015-11-20 05:15:00","Complete","","","","English","http://m.facebook.com","http://m.facebook.com","1448014416_564ef2501a5015.74379529","Mozilla/5.0 (iPhone; CPU iPhone OS 9_1 like Mac OS X) AppleWebKit/601.1.46 (KHTML, like Gecko) Mobil","Mozilla/5.0 (iPhone; CPU iPhone OS 9_1 like Mac OS X) AppleWebKit/601.1.46 (KHTML, like Gecko) Mobile/13B143 [FBAN/FBIOS;FBAV/44.0.0.54.111;FBBV/17684769;FBDV/iPhone4,1;FBMD/iPhone;FBSN/iPhone OS;FBSV/9.1;FBSS/2; FBCR/vodafoneUK;FBID/phone;FBLC/en_GB;FBOP/5]","","213.104.224.5","-1.1497000455856","50.788398742676","United Kingdom","Gosport","F2","PO12","Female","12th grade or less","35-54","Control","","","39"
"95","2015-11-20 06:44:52","2015-11-20 06:46:09","Complete","","","","English","http://m.facebook.com","http://m.facebook.com","1448019892_564f07b43ee138.50636482","Mozilla/5.0 (iPhone; CPU iPhone OS 9_1 like Mac OS X) AppleWebKit/601.1.46 (KHTML, like Gecko) Mobil","Mozilla/5.0 (iPhone; CPU iPhone OS 9_1 like Mac OS X) AppleWebKit/601.1.46 (KHTML, like Gecko) Mobile/13B143 [FBAN/FBIOS;FBAV/38.0.0.6.79;FBBV/14316658;FBDV/iPhone5,2;FBMD/iPhone;FBSN/iPhone OS;FBSV/9.1;FBSS/2; FBCR/vodafoneUK;FBID/phone;FBLC/en_GB;FBOP/5]","","85.255.234.144","-0.12999999523163","51.5","United Kingdom","","","","Male","Some college, no degree","18-24","Treatment","","","19"
"96","2015-11-20 12:22:12","2015-11-20 12:23:28","Complete","","","","English","","","1448040132_564f56c474dde7.15349842","Mozilla/5.0 (iPhone; CPU iPhone OS 8_3 like Mac OS X) AppleWebKit/600.1.4 (KHTML, like Gecko) Versio","Mozilla/5.0 (iPhone; CPU iPhone OS 8_3 like Mac OS X) AppleWebKit/600.1.4 (KHTML, like Gecko) Version/8.0 Mobile/12F70 Safari/600.1.4","","213.205.194.139","-0.46669998764992","51.36669921875","United Kingdom","Weybridge","N7","KT13","Female","Post-graduate degree","55+","Control","","","0"
"97","2015-11-20 13:05:34","2015-11-20 13:06:14","Complete","","","","English","","","1448042734_564f60ee025d99.93150008","Mozilla/5.0 (Macintosh; Intel Mac OS X 10_10_5) AppleWebKit/601.2.7 (KHTML, like Gecko) Version/9.0.","Mozilla/5.0 (Macintosh; Intel Mac OS X 10_10_5) AppleWebKit/601.2.7 (KHTML, like Gecko) Version/9.0.1 Safari/601.2.7","","5.151.198.80","-1.2243000268936","52.889801025391","United Kingdom","Nottingham","J8","NG11","Female","Bachelor's degree","18-24","Treatment","","","67"
"98","2015-11-20 13:45:15","2015-11-20 13:46:29","Complete","","","","English","http://m.facebook.com/","http://m.facebook.com/","1448045115_564f6a3bd2dab0.00484446","Mozilla/5.0 (Linux; Android 5.0.1; GT-I9505 Build/LRX22C; wv) AppleWebKit/537.36 (KHTML, like Gecko)","Mozilla/5.0 (Linux; Android 5.0.1; GT-I9505 Build/LRX22C; wv) AppleWebKit/537.36 (KHTML, like Gecko) Version/4.0 Chrome/46.0.2490.76 Mobile Safari/537.36 [FB_IAB/FB4A;FBAV/52.0.0.12.18;]","","82.19.252.20","-1.1497000455856","50.788398742676","United Kingdom","Gosport","F2","PO12","Female","Graduated high school or equivalent","35-54","Control","","","64"
"99","2015-11-20 17:06:33","2015-11-20 17:07:34","Complete","","","","English","","","1448057193_564f9969b11cf5.52489867","Mozilla/5.0 (Linux; Android 5.1.1; SM-G920F Build/LMY47X; wv) AppleWebKit/537.36 (KHTML, like Gecko)","Mozilla/5.0 (Linux; Android 5.1.1; SM-G920F Build/LMY47X; wv) AppleWebKit/537.36 (KHTML, like Gecko) Version/4.0 Chrome/46.0.2490.76 Mobile Safari/537.36 [FB_IAB/FB4A;FBAV/55.0.0.18.66;]","","213.104.226.128","-1.2332999706268","50.816699981689","United Kingdom","Fareham","F2","PO14","Female","Some college, no degree","25-34","Control","","","8"
"100","2015-11-20 13:39:32","2015-11-20 19:59:50","Complete","","","","English","https://www.facebook.com/","https://www.facebook.com/","1448044772_564f68e40c5413.38443132","Mozilla/5.0 (Macintosh; Intel Mac OS X 10_7_4) AppleWebKit/537.36 (KHTML, like Gecko) Chrome/46.0.24","Mozilla/5.0 (Macintosh; Intel Mac OS X 10_7_4) AppleWebKit/537.36 (KHTML, like Gecko) Chrome/46.0.2490.80 Safari/537.36","","82.43.248.225","-3.5332999229431","50.700000762939","United Kingdom","Exeter","D4","EX2","Female","Bachelor's degree","18-24","Treatment","","","89"
"101","2015-11-22 20:11:26","2015-11-22 20:13:36","Complete","","","","English","http://m.facebook.com","http://m.facebook.com","1448241086_565267be611c08.84658785","Mozilla/5.0 (iPhone; CPU iPhone OS 9_1 like Mac OS X) AppleWebKit/601.1.46 (KHTML, like Gecko) Mobil","Mozilla/5.0 (iPhone; CPU iPhone OS 9_1 like Mac OS X) AppleWebKit/601.1.46 (KHTML, like Gecko) Mobile/13B143 [FBAN/FBIOS;FBAV/39.1.0.41.31;FBBV/14951342;FBDV/iPhone5,4;FBMD/iPhone;FBSN/iPhone OS;FBSV/9.1;FBSS/2; FBCR/TESCO;FBID/phone;FBLC/en_GB;FBOP/5]","","137.205.1.253","-1.5832999944687","52.283298492432","United Kingdom","Warwick","P3","CV34","Male","Bachelor's degree","18-24","Control","","","80"
"102","2015-11-26 09:20:25","2015-11-26 09:21:07","Complete","","","","English","https://t.co/JUK9bPJkOG","https://t.co/JUK9bPJkOG","1448547625_56571529179d17.46869754","Mozilla/5.0 (Macintosh; Intel Mac OS X 10_9_5) AppleWebKit/537.36 (KHTML, like Gecko) Chrome/46.0.24","Mozilla/5.0 (Macintosh; Intel Mac OS X 10_9_5) AppleWebKit/537.36 (KHTML, like Gecko) Chrome/46.0.2490.80 Safari/537.36","","152.78.1.79","-1.3999999761581","50.900001525879","United Kingdom","Southampton","M4","SO15","Female","Bachelor's degree","18-24","Control","","","64"
